size,seed,urea,phosphate,pesticide,pseed,purea,pphosph,hiredlabor,famlabor,totlabor,wage,goutput,noutput,price
3,90,900,80,6000,80,75,75,2875,40,2915,68.49,7980,6800,60
2,40,600,0,3000,70,75,75,2110,45,2155,60.09,4083,3500,60
1,100,700,150,5000,140,70,70,980,95,1075,51.99,2650,2242,65
2,60,600,100,5000,90,70,70,2081,10,2091,56.98,4500,3750,70
3.572,105,400,400,10200,350,80,80,3889,1,3889,152.03,16300,13584,120
3.572,105,400,400,10200,250,80,80,3519,1,3519,154.49,17424,14520,140
1.42,50,120,0,0,60,75,75,670,140,810,54.83,3840,3200,60
1.42,20,100,0,0,50,75,75,805,50,855,45.43,2800,2400,50
0.428,15,150,50,900,130,70,70,380,80,460,51.97,950,800,62
0.214,7,50,0,0,150,70,70,40,69,109,53.75,240,200,60
0.428,15,100,50,2000,300,82,82,210,20,230,137.62,1500,1250,110
0.428,15,100,50,2000,300,85,85,180,1,180,140.56,2280,2000,130
0.1,5,20,0,0,50,80,80,10,108,118,56.67,280,240,65
0.286,10,75,0,0,50,70,70,100,63,163,38,940,850,50
0.07,10,15,0,0,70,75,75,23,57,80,47.83,240,200,60
0.307,7,60,10,350,150,70,70,72,206,278,53.47,848,705,60
0.086,5,50,25,2000,250,82,84,15,61,76,158,480,400,120
0.086,5,40,10,500,350,82,84,15,39,54,121.67,420,350,130
0.286,10,50,0,0,60,75,75,32,233,265,47.06,1200,1000,60
0.286,10,50,0,0,60,60,60,32,231,263,52.17,960,850,65
0.284,10,100,0,0,80,70,70,65,65,130,53.15,360,300,60
0.357,10,100,0,450,150,70,70,1,350,350,52.5,720,600,65
0.357,10,100,50,1500,150,80,90,1,178,178,147.64,1480,1200,100
0.357,10,100,90,0,100,85,85,1,92,92,145.45,1880,1600,130
0.286,5,25,0,0,60,80,80,73,133,206,49.33,1240,1000,70
0.17,5,25,0,0,60,70,70,115,78,193,47.83,780,720,75
0.56,25,150,0,0,70,75,75,485,65,550,52.7,1200,1000,60
0.286,5,50,0,0,100,80,80,75,55,130,54,750,600,60
0.357,20,150,100,4800,200,80,80,36,140,176,102.78,3000,2500,110
0.357,12,150,100,4150,300,82,84,35,85,120,125.71,2400,2000,140
0.18,5,100,0,0,60,75,75,30,126,156,46.88,887,760,50
0.36,10,75,0,0,50,75,75,50,212,262,56,1553,1380,60
0.355,20,40,0,0,80,70,70,148,304,452,51.01,716,596,60
0.14,10,40,0,0,80,70,70,56,110,166,60.71,480,400,60
0.052,4,30,0,1200,350,80,80,4,94,98,158.75,300,300,110
0.052,4,30,0,1200,350,100,100,1,46,46,135.45,200,200,120
0.27,10,75,25,300,70,80,80,100,284,384,47.06,1080,900,60
0.27,10,60,10,300,70,80,80,50,204,254,56,1260,1180,70
0.28,20,100,20,650,80,74,74,302,81,383,51.32,1200,1000,65
0.286,10,60,10,1920,80,70,70,295,85,380,52.37,600,500,60
0.179,10,125,50,1600,250,80,80,115,177,292,166.96,960,800,100
0.129,7,100,25,900,250,82,82,90,113,203,147.78,1200,1000,130
0.714,20,50,0,0,70,80,80,225,182,407,41.41,2100,1800,60
0.714,30,80,0,0,55,75,75,390,190,580,48.46,1867,1600,55
0.355,15,75,0,0,80,60,60,30,209,239,43.33,1200,1000,60
0.571,15,100,0,0,100,80,80,100,116,216,52.5,1200,1000,60
0.086,7,25,10,0,250,80,80,20,88,108,135,480,400,100
0.082,10,5,1,0,350,82,85,20,56,76,135.45,280,250,120
0.18,7,40,0,0,60,70,70,101,35,136,44.08,600,500,60
0.888,35,70,0,0,50,75,75,510,55,565,52.16,3000,2500,60
0.377,12,150,0,0,70,70,70,160,207,367,58.75,840,710,65
0.371,25,100,10,500,100,75,75,110,60,170,61.82,660,550,60
0.681,10,100,50,2000,150,80,80,110,103,213,131.82,2700,2450,140
0.281,10,100,50,0,150,80,80,50,98,148,140,1925,1650,150
0.071,5,35,0,0,60,80,80,50,60,110,57.69,250,225,60
0.071,5,35,0,0,60,80,80,50,80,130,50,220,200,70
0.142,6,65,0,0,70,70,70,144,5,149,50.76,480,400,60
0.143,10,30,0,0,80,70,70,70,86,156,55.71,360,300,60
0.129,5,50,25,2325,350,85,90,8,91,99,153.13,600,520,100
0.129,5,50,25,2325,350,85,90,8,78,86,165.63,600,484,120
0.357,10,100,50,0,80,80,80,310,89,399,52.88,940,800,60
0.357,10,100,50,0,100,80,80,230,199,429,52.17,920,840,65
0.355,10,100,0,0,75,60,60,229,44,273,54.15,550,470,75
0.357,15,90,0,0,90,75,75,62,58,120,68.39,540,500,60
0.157,5,50,50,1000,300,80,80,1,135,135,147.64,725,600,120
0.157,5,50,25,0,300,85,85,1,109,109,125.45,800,720,130
0.714,30,150,50,0,70,75,75,510,20,530,42.19,1600,1400,60
0.714,30,150,50,0,70,80,80,610,40,650,44.59,1800,1600,60
0.286,15,100,20,0,70,70,70,260,10,270,52.69,840,700,60
0.357,15,75,25,650,90,70,70,208,20,228,59.66,600,500,60
0.357,10,150,50,4000,250,82,82,235,30,265,149.68,1800,1500,120
0.357,10,150,50,5000,250,84,84,200,15,215,152.75,1600,1400,140
0.714,20,100,0,0,70,80,80,425,58,483,46.3,1500,1300,60
0.714,20,100,0,0,70,80,80,385,53,438,37.66,1600,1400,60
0.355,25,25,5,0,80,80,80,430,20,450,50.7,840,700,60
0.536,20,200,0,0,150,70,70,380,91,471,54.21,800,750,60
0.643,16,150,50,0,268.75,80,80,300,180,480,153.5,3000,2500,120
0.643,16,150,50,0,225,82,85,331,44,375,156.59,2800,2400,110
0.357,20,50,10,0,60,78,78,305,75,380,53.42,960,800,60
0.357,20,100,50,0,60,80,80,280,65,345,43.57,1800,1500,60
0.357,15,100,50,1200,150,75,75,305,35,340,51.31,960,800,60
0.5,13,100,50,2000,60,70,70,270,43,313,53.89,1400,1120,60
1.428,60,350,150,12600,150,80,80,1054,131,1185,148.1,5800,4850,120
1.428,60,350,150,12600,150,80,85,659,103,762,148.85,4600,3900,140
1.071,50,250,50,1500,60,75,75,1055,55,1110,59.98,3600,3000,60
1.071,50,250,50,1500,60,78,78,1240,65,1305,39.52,3240,2700,65
0.179,5,50,20,0,90,80,75,44,54,98,46.02,360,300,60
0.09,4,10,0,0,80,70,70,20,66,86,50,300,240,65
0.029,2,10,15,0,175,80,90,1,132,132,147.64,300,300,100
0.029,5,10,15,0,350,85,85,1,80,80,125.45,200,200,110
1.286,40,100,0,0,90,70,70,499,136,635,44.93,1800,1500,60
1.286,40,150,0,0,90,75,75,331,117,448,44.38,2800,2500,60
0.533,30,125,50,0,100,70,70,290,55,345,54.9,1200,1000,60
0.355,15,125,25,600,90,70,70,150,82,232,50,560,500,60
0.571,50,150,50,4800,375,80,80,60,384,444,155,2400,2000,120
0.571,30,150,50,4000,350,86,90,44,178,222,142.05,2400,2000,120
0.357,15,15,0,0,70,80,80,225,107,332,47.27,900,800,70
0.714,15,25,0,0,70,80,80,250,127,377,56,1800,1550,70
1.065,30,250,0,0,80,70,70,525,380,905,52.86,1500,1260,60
1.071,40,300,0,0,60,66,66,250,52,302,56,3600,3000,75
0.535,15,150,50,3000,300,80,80,306,112,418,150.78,2160,1860,120
0.535,15,150,50,3000,300,85,85,216,234,450,145.93,2300,2000,120
0.357,15,75,0,0,80,80,80,260,57,317,46.95,940,820,65
0.357,15,75,0,0,80,80,80,130,55,185,49.23,920,800,65
0.357,20,20,0,0,80,75,75,235,90,325,51.7,560,470,60
0.357,20,50,0,0,70,70,70,150,10,160,50.67,400,320,60
0.357,14,70,50,1600,300,80,80,265,119,384,135.28,2600,2200,110
0.357,14,100,50,1600,300,82,84,185,1,185,134.86,720,600,120
3.57,100,1250,250,0,70,70,70,3270,140,3410,49.32,11667,10000,60
3.57,1250,1250,250,0,60,70,70,1620,140,1760,52.22,11667,10000,70
5,100,1000,0,0,80,70,70,2650,125,2775,52.08,12000,10000,65
3.571,125,700,300,9000,60,65,70,1550,1,1550,44.35,5000,4500,60
0.714,25,200,100,3000,150,84,84,548,45,593,148.83,4200,3500,110
0.714,25,200,100,3000,150,84,84,448,47,495,142.32,4200,3500,150
0.56,20,75,25,0,100,80,80,193,73,266,40.51,1800,1500,55
0.56,20,50,0,0,100,80,80,70,84,154,57.14,1600,1400,55
0.357,20,75,25,0,55,70,70,80,376,456,31.25,750,630,60
1,30,200,0,0,80,70,70,400,56,456,47.5,2000,1600,60
0.714,50,100,100,1200,300,80,80,290,120,410,133.1,3660,3050,100
0.714,50,100,100,1200,300,82,83,118,124,242,119.32,2400,2000,120
0.577,40,150,25,0,100,80,80,350,193,543,36.08,2220,1850,60
0.577,30,1,0,0,87,80,80,68,173,241,37.41,1752,1500,55
0.5,25,125,25,2100,55,70,70,276,48,324,37.59,870,730,55
0.5,15,150,50,650,100,70,70,100,286,386,55,975,812,60
0.5,30,100,100,2000,325,80,80,240,190,430,125.42,4320,3600,115
0.5,30,50,50,0,300,85,85,88,224,312,121.08,1880,1600,100
0.5,30,75,25,0,100,76,76,232,83,315,42.74,2700,2250,55
0.5,15,50,0,0,100,80,80,127,440,567,40,1800,1500,55
0.357,15,100,25,0,55,70,70,160,40,200,37.5,460,390,55
0.5,25,50,0,0,80,65,65,240,29,269,51.25,1800,1500,60
0.714,60,475,50,3000,300,82,85,480,40,520,143.75,3600,3000,120
0.357,30,200,25,1500,300,85,85,172,24,196,145.49,1400,1200,150
0.21,8,100,25,500,100,80,80,26,165,191,42.86,840,700,55
0.21,8,20,0,0,100,80,80,30,175,205,40,480,400,55
0.214,10,15,0,0,55,70,70,20,96,116,31.25,180,150,55
0.286,6,1,0,0,70,70,70,54,277,331,53.7,350,335,60
0.357,20,75,0,1000,170,83,84,115,113,228,145.43,1800,1500,110
0.357,15,50,0,0,140,83,83,120,70,190,136.25,1300,1100,140
5.322,310,450,75,75,80,78,78,4536,238,4774,48.44,14400,12000,65
2.898,160,300,50,500,80,75,75,1878,134,2012,39.15,6010,5000,60
2.923,174,750,150,2400,80,70,70,2198,584,2782,40.56,4620,3880,60
2.13,100,150,0,0,70,65,65,2211,195,2406,50.17,7920,6600,70
1.286,95,600,200,2000,150,80,80,370,730,1100,131.08,6840,5700,100
0.357,15,20,5,0,200,85,85,1,182,182,130,1250,1050,150
1.82,115,480,95,0,80,78,78,1363,120,1483,43.22,7000,5900,50
1.47,45,190,35,0,80,80,80,569,92,661,38.33,2160,1800,50
2.1,40,225,25,1500,55,70,70,2520,48,2568,35.42,3480,2900,65
1.429,50,150,50,0,80,65,65,560,43,603,56.61,3000,2500,60
3.929,138,800,700,7500,200,80,80,2858,592,3450,145.23,20960,17610,120
1.786,63,250,0,0,120,83,83,840,256,1096,145.23,6000,5000,150
0.06,5,40,10,0,100,80,80,6,84,90,44.44,350,310,55
0.06,8,25,0,0,50,70,70,15,118,133,42.86,190,170,60
0.07,2,25,0,0,80,70,70,1,135,135,46.73,300,300,70
0.071,3,20,2,1000,75,70,70,16,66,82,50,240,200,60
2.493,95,550,300,10500,250,80,80,900,728,1628,154.91,10800,9000,120
1.714,65,375,125,7200,250,82,82,288,476,764,143.75,5760,4800,150
1.356,75,150,0,0,80,75,75,287,426,713,40.14,4800,4000,55
0.638,25,100,0,0,80,80,80,98,271,369,44.9,1440,1200,50
0.572,25,150,50,1500,55,75,70,224,110,334,37.95,975,825,60
0.285,25,1,0,0,60,75,75,1,185,185,42.5,600,500,50
1,70,250,50,1500,300,80,82,104,592,696,145,3600,3000,100
1,30,150,50,0,300,82,83,1,530,530,125.5,3800,3200,120
0.496,20,120,10,0,100,80,80,62,366,428,43.75,1500,1250,55
0.286,10,1,0,0,80,70,70,1,177,177,34.5,600,600,55
0.357,18,150,50,0,55,70,70,40,352,392,42.5,800,672,62
0.098,6,25,0,0,60,70,70,16,94,110,56.25,250,208,60
0.143,25,25,25,1500,130,85,85,80,82,162,135.63,700,600,100
0.143,10,25,25,1500,100,82,85,71,82,153,149.3,480,400,100
3.5,140,700,200,310,80,75,75,2849,1364,4213,36.3,15000,12500,60
1,30,200,0,2000,80,70,70,161,196,357,36.19,2400,2000,55
3.59,210,1000,100,3200,80,70,70,2374,1462,3836,36.78,12100,10200,70
0.84,30,200,25,0,70,70,70,155,193,348,48.71,3500,3000,60
3,160,900,100,4400,212.5,80,80,811,1526,2337,118.72,12000,10000,120
3,90,600,100,2600,120,82,85,1270,980,2250,150,9000,7700,140
0.28,12,60,10,200,80,80,80,287,10,297,44.64,1200,1000,55
0.28,8,25,0,0,80,80,80,120,12,132,43.33,360,300,55
0.2,12,80,20,0,55,70,70,46,85,131,38.59,420,350,55
0.28,8,75,0,0,120,70,70,101,29,130,44.65,420,350,60
0.2,16,75,25,1200,150,85,85,35,216,251,144.29,900,750,100
0.2,16,25,0,600,150,82,82,35,162,197,147.14,480,400,140
1,75,250,50,800,80,75,75,805,91,896,47.09,6000,5000,50
1,70,200,50,0,80,75,75,490,69,559,46.94,3600,3000,60
1,20,300,100,300,55,70,70,528,48,576,30.97,1200,1000,55
1,40,300,100,1800,175,70,70,309,68,377,52.72,3600,3000,65
1.571,50,500,100,8000,130,80,80,1094,130,1224,129.9,8400,7000,110
1.571,40,350,150,7500,150,85,85,555,45,600,138.74,6600,5500,140
0.286,10,50,10,0,80,80,80,257,35,292,49.03,1200,1000,55
0.286,10,25,0,0,80,80,80,189,18,207,36.51,1080,900,50
0.142,10,50,0,0,100,70,70,76,72,148,42.76,260,220,70
0.28,8,10,0,0,60,70,70,71,114,185,43.66,350,315,60
0.143,8,51,25,1800,350,80,90,56,68,124,136.61,640,550,100
0.143,5,25,25,1800,300,83,84,32,70,102,154.69,360,300,150
0.772,30,50,10,0,80,78,80,419,193,612,41.57,2040,1700,55
0.352,10,25,0,0,80,80,80,42,245,287,38.1,664,564,50
0.858,60,100,40,0,60,70,70,48,468,516,37.5,1420,1180,50
0.357,12,30,0,0,70,70,70,1,132,132,42.5,390,342,60
0.572,82,150,68,900,350,82,83,224,548,872,131.7,2400,2000,100
0.572,20,110,40,1000,300,82,83,96,300,396,127.08,1800,1500,130
0.11,3,40,0,0,125,60,60,30,76,106,47.5,420,370,55
0.11,3,40,0,0,125,75,75,35,42,77,38.57,300,260,50
0.214,5,50,10,0,55,75,75,80,36,116,38.75,300,250,55
0.143,5,25,0,0,80,70,70,30,213,243,40,280,250,55
0.071,7,50,20,2500,300,82,83,104,8,112,157.93,360,300,110
0.071,5,25,10,0,300,82,83,52,11,63,113.94,300,250,120
0.429,14,90,10,900,80,84,80,56,171,227,41.38,950,800,55
0.286,9,40,0,0,80,80,80,27,75,102,55.56,840,700,50
0.965,40,225,100,200,78.75,70,70,144,344,488,43.75,1350,1140,55
0.286,10,100,50,150,80,70,70,38,147,185,51.18,960,800,60
0.714,22,125,125,1800,190,80,80,387,300,687,126.1,3800,3300,100
0.964,28,200,200,2700,100,80,80,104,297,401,145.67,3240,2700,130
4.07,250,600,0,0,80,75,75,2044,1080,3124,39.49,10200,8500,55
0.143,3,25,0,0,80,80,80,25,94,119,48,600,500,55
3.643,200,400,0,0,80,70,70,2080,851,2931,54.09,4900,4120,70
0.286,10,75,0,0,90,70,70,132,58,190,52.27,840,700,60
0.286,25,100,50,0,350,83,84,108,52,160,147.69,1440,1200,100
0.286,12,70,45,0,300,83,84,119,32,151,126.89,960,800,140
1.143,40,1,0,0,80,80,80,216,726,942,35.78,3150,2900,50
0.143,2,1,0,0,100,70,70,14,81,95,57.14,225,205,50
0.5,20,1,0,0,70,70,70,1,448,448,42.35,900,755,50
0.143,10,25,0,0,80,70,70,16,229,245,37.5,270,230,60
0.714,84,150,50,3000,250,82,84,224,160,384,135.04,4800,4000,120
0.429,40,150,50,0,250,80,82,80,152,232,159.38,1680,1400,130
0.636,15,20,0,0,80,80,80,118,239,357,45.83,1205,1030,55
0.143,3,10,0,0,80,80,80,8,75,83,50,210,190,50
0.5,15,100,0,0,60,70,70,140,246,436,50,800,720,60
0.143,15,100,0,0,90,70,70,51,298,349,55.29,550,490,65
0.214,5,40,10,1500,120,83,85,32,88,120,121.88,980,840,120
0.214,4,25,5,0,120,82,85,1,80,80,120,360,300,140
0.286,8,100,12,200,80,80,80,84,114,198,38.72,1500,1250,55
0.286,9,10,0,0,80,70,70,70,86,156,35.71,480,400,55
0.286,10,100,25,200,70,70,70,25,199,224,50,540,460,55
0.286,12,50,10,0,60,70,70,45,261,306,53.33,960,800,60
0.786,30,300,100,10900,300,80,80,120,348,468,138.75,4440,3700,120
0.286,10,100,50,2000,300,82.5,84,48,104,152,131.25,840,700,125
1.28,58,220,75,0,100,75,75,450,249,699,44.25,4560,3800,55
1.28,30,100,0,0,100,75,75,236,166,402,39.83,2340,1950,55
0.714,15,250,50,0,55,70,70,464,88,552,39.66,1280,1080,55
0.71,20,150,50,0,70,70,70,324,104,428,42.28,1800,1500,65
0.714,60,300,50,1000,325,82,85,240,186,426,138.75,4200,3500,120
0.714,40,100,100,1500,300,85,85,352,164,516,135.06,2400,2000,100
0.064,7,20,0,0,70,80,80,8,79,87,40.5,240,200,55
0.064,6,10,0,0,70,80,80,8,49,57,50,216,180,50
0.28,18,60,0,0,80,70,70,81,169,250,45.06,400,350,70
0.128,9,50,25,0,80,70,70,10,108,118,55,450,410,60
0.057,13,50,50,1000,100,80,85,26,74,100,150.38,720,600,100
0.057,5,50,50,0,140,85,85,16,109,125,128.75,360,300,140
0.28,10,80,25,0,100,80,80,190,29,219,38.02,1200,1000,55
0.28,10,40,0,0,100,80,80,194,3,197,39.9,660,550,50
0.357,18,50,25,0,55,70,70,236,16,252,48.31,620,520,55
0.357,20,100,0,0,80,70,70,260,74,334,42.31,600,500,60
1.429,40,250,50,3000,350,82,82,884,98,982,149.04,3000,2500,100
1.429,20,150,50,0,300,85,85,820,50,870,129.69,4400,3600,150
0.07,3,20,0,0,80,80,80,1,90,90,50,260,260,50
0.07,3,10,0,0,80,80,80,1,46,46,39.43,120,120,50
0.142,6,30,0,0,80,70,70,1,126,126,42.35,375,300,55
0.071,5,7,3,0,80,70,70,1,97,97,52.5,130,130,60
0.357,25,75,25,0,250,82,84,1,384,384,122.33,1200,1000,120
0.357,6,25,3,0,250,85,85,1,224,224,120,960,800,150
0.14,6,25,5,250,80,80,80,85,85,170,39.08,350,315,64
0.14,6,25,5,250,80,80,80,85,85,170,40,372,335,70
0.15,5,25,5,70,65,70,70,160,16,176,37.5,280,250,65
0.15,6,25,10,300,100,70,70,105,52,157,45.24,380,350,65
0.429,19,150,50,300,160,85,85,385,156,541,142.86,1760,1600,160
0.429,19,150,50,500,190,85,85,425,156,581,146.35,1900,1728,190
0.18,5,20,20,0,90,50,70,85,21,106,44.16,370,333,55
0.18,5,20,20,0,90,70,70,99,21,120,34.34,205,188,70
0.08,4,15,0,0,75,75,70,70,16,86,50,276,236,65
0.086,5,15,5,0,80,70,70,43,48,91,51.86,135,125,80
0.074,1,5,5,0,100,85,85,8,32,40,135,82,82,160
0.014,1,5,5,0,100,85,85,1,17,17,140,42,42,190
0.185,7,15,0,0,100,70,70,66,24,90,59.12,419,384,50
0.175,65,15,0,0,100,70,70,66,24,90,51.21,349,320,78
0.12,3,20,5,0,65,65,65,80,36,116,45.63,425,385,75
0.08,3,20,0,0,100,70,70,119,63,182,52.86,350,300,65
0.179,5,40,0,0,160,85,85,30,102,132,126.67,352,320,160
0.179,5,40,0,0,190,85,85,30,96,126,140,493,448,190
0.571,18,200,25,0,60,80,80,295,140,435,45.19,2405,2188,64
0.571,18,200,25,0,60,75,75,327,320,647,57.37,2405,2188,70
0.57,25,150,25,750,70,65,70,1060,126,1186,47.74,1760,1600,70
0.7,25,150,55,0,100,70,70,420,144,564,52.38,1468,1336,65
1.663,44,670,270,0,200,80,80,951,394,1345,127.46,4506,4096,140
1.663,44,670,276,0,275,82,82,951,528,1479,123.88,4666,4256,140.23
0.5,8,100,20,0,50,70,70,208,98,306,53.75,1237,1125,50
0.5,8,100,20,0,50,70,70,138,169,307,43.48,1375,1250,60
0.575,12,165,60,0,65,70,70,395,148,543,53.42,1830,1662,70
0.375,10,75,25,0,100,70,70,245,151,396,54.9,600,530,65
0.42,14,100,50,0,321,82,82,254,348,602,126.77,1225,1114,160
0.42,18,100,50,0,275,85,85,254,441,695,126.77,1619,1472,168.48
0.36,10,75,25,0,100,76,80,108,158,266,55.45,1151,1056,63
0.36,10,75,25,0,150,80,80,108,158,266,56.67,1012,928,78
0.015,5,25,25,0,65,75,75,1,47,47,56.43,210,190,60
0.179,8,20,15,0,80,70,70,50,61,111,54,391,372,80
0.193,10,70,35,0,160,85,85,69,236,305,121.45,457,424,160
0.193,10,70,35,0,190,85,85,49,231,280,132.04,559,520,190
0.92,30,300,100,1000,90,72.5,72.5,587,55,642,58.41,1971,1792,80
0.92,30,300,100,1000,90,72.5,72.5,687,55,742,58.66,2288,2080,90
0.375,6,75,25,450,55,65,65,140,35,175,60,1060,960,65
0.535,7,70,30,500,120,70,70,293,90,383,44.71,1200,1080,65
0.519,25,155,30,0,200,85,85,303,104,407,141.25,1705,1550,160
0.604,25,155,30,0,200,85,85,330,103,433,138.79,1978,1798,190
0.3,6,20,5,0,82.5,80,80,100,255,355,49.02,988,988,90
0.3,6,20,5,0,82.5,80,80,100,255,355,50,320,320,90
0.15,5,45,20,0,65,75,75,1,216,216,54.43,428,368,65
0.05,3,6,4,0,70,70,70,1,123,123,52.5,195,195,80
0.03,1,8,2,0,200,88,88,5,35,40,140,102,93,160
0.03,1,8,2,0,200,90,90,5,35,40,140,115,105,190
0.7,16,50,25,800,80,72,74,260,129,389,43.91,2065,1875,80
0.7,16,50,25,800,80,75,75,290,129,419,46.9,2065,1875,70
0.39,15,60,15,0,100,70,70,150,125,275,63,1060,940,65
0.5,7,50,15,0,80,70,70,110,93,203,60.68,645,620,95
0.51,15,100,50,0,160,85,85,180,136,316,156.67,2176,1984,160
0.51,15,100,50,0,190,85,85,230,151,381,138.26,2528,2304,190
0.71,18,150,55,0,120,80,80,360,98,458,35.24,1302,1302,65
0.71,18,150,50,0,70,80,80,378,75,453,38.1,1302,1302,73
0.385,10,65,20,0,70,70,70,156,68,224,68.46,1126,1026,85
0.75,12,75,25,0,72,70,70,162,78,240,66.98,473,430,84
0.557,18,115,15,0,160,85,85,225,82,307,152.22,1302,1184,160
0.557,18,115,15,0,190,85,85,465,82,547,141.53,1092,992,190
0.35,7,75,25,1000,90,70,70,248,8,256,57.5,704,640,90
0.35,7,75,25,1000,90,70,70,258,8,266,53.49,1056,960,90
0.02,2,5,2,0,65,65,65,1,25,25,52.43,71,71,65
0.282,12,30,10,0,70,75,75,365,66,431,57.81,886,770,80
0.073,2,12,3,0,120,85,85,57,37,94,131.58,146,146,160
0.043,2,12,3,0,142.5,85,85,85,37,122,134.12,141,128,190
0.18,7,65,20,680,85,80,80,58,95,153,41.67,447,408,64
0.18,7,65,20,680,85,80,80,48,140,188,52.08,550,500,68
0.193,7,50,10,0,80,70,70,24,90,114,53.33,477,435,92
0.193,9,50,20,0,80,75,75,145,90,235,55.38,996,900,80
0.149,2,5,2,0,200,90,95,1,109,109,127.45,160,160,156
0.049,2,5,2,0,200,100,100,1,136,136,140.5,138,138,187.5
0.179,4,25,0,0,80,80,80,1,102,102,58.33,470,440,60
0.179,4,25,0,0,80,80,80,1,137,137,53.5,413,375,70
0.179,8,25,0,0,60,65,65,1,184,184,52.43,528,480,67
0.179,4,25,0,0,75,70,70,20,201,221,40,443,412,80
0.814,36,190,35,0,160,85,85,500,312,812,136.24,2675,2432,160
0.636,28,205,35,0,190,85,85,456,262,718,125.88,2218,2016,190
0.08,1,8,4,0,90,78,80,1,66,66,50,183,173,56
0.07,60,8,4,0,50,80,80,1,106,106,53.5,186,174,65
0.03,2,12,3,0,100,65,65,10,79,89,50,136,124,55
0.04,2,10,5,0,80,70,70,1,61,61,55.5,145,145,80
0.08,3,15,5,0,160,85,85,1,120,120,137.45,160,160,160
0.08,3,20,5,0,190,90,90,1,165,165,130.5,192,192,190
0.67,18,75,25,500,90,80,80,480,115,595,41.7,1690,1536,64
0.67,18,75,25,500,90,75,75,480,115,595,41.88,2112,1920,78
0.375,14,50,25,450,60,70,70,100,48,148,62,1100,1000,60
0.355,17,50,25,0,80,75,75,288,99,387,56.25,785,697,80
0.07,3,35,15,0,200,85,85,16,142,158,132.5,212,192,160
0.07,3,35,15,0,200,85,85,16,142,158,122.5,282,256,190
0.52,20,75,25,250,62.5,85,85,30,125,155,56.25,1395,1280,64
0.52,10,75,25,250,62.5,75,75,85,125,210,58.82,2093,1920,78
0.536,20,120,30,500,65,70,70,210,134,344,50.48,1100,1030,65
0.536,20,100,20,0,100,70,70,210,133,343,52.38,1300,1200,65
0.427,12,120,25,1000,200,85,85,255,107,362,131.37,1337,1216,160
0.428,12,115,30,0,200,85,90,220,140,360,140.91,1373,1248,190
0.534,20,100,25,0,80,80,80,155,119,274,35.67,1444,1313,50
0.534,20,100,25,0,80,78,78,220,137,357,60.18,1856,1686,70
0.14,3,50,10,0,100,70,70,15,81,96,53.33,425,380,63
0.15,5,30,5,0,70,75,75,27,91,118,50,520,395,80
0.107,5,40,10,0,160,80,80,30,128,158,123.33,247,224,160
0.107,5,40,10,0,190,85,85,34,114,148,118.82,317,288,190
0.171,8,30,5,0,80,80,80,65,107,172,43.28,481,438,70
0.171,8,30,5,0,80,80,80,75,171,246,50.67,687,625,80
0.028,2,10,5,0,80,70,70,1,53,53,52.43,135,121,75
0.143,10,50,50,0,100,70,70,42,219,261,52.86,460,420,65
0.221,5,56,19,0,160,85,85,1,111,111,137.45,528,528,160
0.221,5,56,19,0,160,90,90,1,111,111,130.5,416,416,190
0.7,15,200,50,800,80,80,80,484,76,560,57.28,2062,1875,60
0.7,15,200,50,800,80,75,75,285,306,591,54.74,2062,1875,80
0.457,20,140,30,0,60,70,70,325,77,402,55,861,771,65
0.457,10,125,25,500,100,70,70,210,89,299,52.38,950,890,65
0.7,22,200,150,0,200,85,85,819,278,1097,137.24,2323,2112,160
0.7,24,200,150,0,250,85,85,675,318,993,136.52,2534,2304,142.36
0.5,20,100,50,500,80,80,80,285,110,395,55.05,1408,1280,80
0.5,20,100,50,500,80,78,78,325,110,435,48.62,1549,1408,80
0.357,12,75,25,600,80,70,70,193,126,319,48.2,990,892,80
0.357,12,75,25,0,80,70,70,106,78,184,51.56,831,761,80
1.071,35,200,100,2500,160,81,81,369,265,634,138.75,3450,3136,160
1.071,35,300,100,0,190,85,85,370,315,685,138.38,3872,3520,190
0.35,15,50,10,0,80,80,80,225,80,305,64.76,1046,960,70
0.35,15,50,10,0,80,80,80,250,96,346,57.2,1186,1088,78
0.377,12,100,25,0,100,70,70,72,344,416,54.17,920,830,65
0.5,16,70,10,0,100,70,70,154,263,417,45.06,1000,880,65
0.424,18,130,20,0,250,85,85,138,246,384,135.8,1227,1116,160
0.424,18,130,20,0,250,85,90,98,258,356,138.57,1364,1289,190
0.08,3,7,0,0,100,70,70,1,54,54,55.56,138,128,55
0.08,3,7,0,0,100,70,70,1,48,48,53.5,130,130,65
0.017,2,5,0,0,60,70,65,1,47,47,50.43,80,80,67
0.071,1,6,4,0,80,70,70,1,79,79,55.5,98,98,80
0.129,5,20,10,0,160,85,85,1,144,144,127.45,320,320,160
0.129,5,20,10,0,190,90,95,1,144,144,130.5,256,256,190
0.35,10,75,25,400,60,80,80,295,15,310,41.84,1100,1000,80
0.35,10,75,25,400,60,80,80,340,106,446,40,1238,1125,65
0.351,15,250,50,3000,100,70,70,208,24,232,60.24,1056,960,67
0.351,10,85,15,0,70,70,70,160,48,208,50.63,1041,937,80
0.35,16,100,50,0,190,86,86,134,114,248,132.46,1056,960,160
0.35,16,100,50,0,190,86,86,121,144,265,168.55,1267,1152,190
1.05,32,210,70,2000,60,73,73,370,105,475,56.48,1674,1536,50
1.05,32,210,70,2000,55,73,73,395,105,500,49.62,2442,2240,70
1.071,32,60,20,500,60,70,70,590,208,798,68.95,1689,1569,62
0.714,20,75,25,0,80,70,70,571,294,865,48.12,1302,1240,80
0.818,23,107,31,0,160,85,85,660,498,1158,132.73,2488,2262,160
0.818,23,107,31,0,190,85,85,660,470,1130,129.09,2542,2311,190
0.38,17,80,20,0,55,70,70,220,225,445,58.11,1325,1216,63
0.38,17,80,20,0,55,70,70,220,250,470,58.64,1395,1280,70
0.387,13,125,15,0,100,70,70,270,126,396,50,946,860,60
0.387,15,95,30,0,100,70,70,399,244,643,46.12,980,880,65
0.175,6,40,20,0,200,85,85,114,156,270,122.37,563,512,160
0.175,6,40,20,0,200,85,85,114,208,322,132.37,990,900,190
0.35,16,50,20,500,62.5,80,80,130,65,195,57.88,1186,1088,81
0.35,16,50,20,500,62.5,80,80,140,65,205,42.86,1261,1152,88
0.702,20,75,25,0,100,65,65,270,79,349,61.48,1540,1330,67
0.714,15,100,50,0,80,70,70,304,126,430,53.29,1420,1240,80
0.32,19,90,30,0,160,85,85,176,124,300,144.32,990,900,160
0.07,3,15,5,0,200,85,85,7,53,60,151.43,175,160,190
0.7,25,100,50,500,48,80,80,350,100,450,58.78,2093,1920,65
0.7,25,100,50,500,48,80,80,390,124,514,50,2093,1920,65
0.536,15,150,0,0,70,65,65,220,120,340,62.27,1500,1350,83
0.282,10,40,10,0,80,70,70,145,73,218,49.03,698,698,80
0.358,12,80,20,0,100,80,90,85,263,348,121.18,1022,930,160
0.358,14,80,20,0,100,90,90,130,223,353,140.77,1250,1164,190
0.175,5,30,15,100,50,80,80,45,116,161,57.14,341,310,64
0.35,9,60,30,100,60,80,80,175,346,521,48,825,750,72
0.358,10,70,30,0,100,65,65,161,66,227,43.79,950,875,75
0.3,11,90,30,0,100,70,70,374,128,502,44.12,900,820,65
0.358,10,100,24,0,200,80,85,185,181,366,120,1253,1139,160
0.358,10,100,24,0,200,85,90,185,192,377,130,1227,1116,190
0.38,18,125,25,300,80,70,70,107,127,234,58.81,1375,1250,72
0.38,18,125,25,300,80,70,70,137,127,264,54.74,1650,1500,80
0.536,18,150,15,0,70,65,65,128,200,328,57.97,1848,1680,67
0.536,15,141,9,0,80,70,70,150,261,411,54,996,996,97
0.774,27,150,10,0,160,85,85,450,167,617,150,2391,2176,160
0.724,27,150,10,0,200,85,90,505,154,659,157.03,2391,2176,190
0.18,3,40,20,0,50,65,65,57,64,121,57.63,550,500,70
0.18,3,40,20,0,50,75,75,77,216,293,48.05,660,600,80
0.1,3,25,10,0,65,70,70,21,111,132,42.86,425,380,80
0.179,3,25,5,0,80,70,70,25,65,90,55,341,310,80
0.179,4,25,10,0,160,85,85,10,95,105,140,493,448,160
0.179,4,20,20,0,190,85,85,20,95,115,130,634,576,190
0.207,8,40,10,0,50,80,80,132,82,214,54.93,550,500,64
0.18,6,40,10,0,50,80,80,156,105,261,46.79,687,625,80
0.565,10,50,25,0,50,70,70,89,294,383,44.38,1200,1080,65
0.536,9,120,20,0,80,68,70,245,295,540,56.12,1159,1054,104
0.536,15,160,50,0,147,80,85,260,239,499,130.77,1608,1485,160
0.536,15,160,50,0,147,90,90,210,232,442,119.05,2070,1920,190
0.17,4,30,5,0,62.5,70,70,65,55,120,41.79,558,512,63
0.17,4,30,5,0,62.5,70,70,65,65,130,44.62,558,512,70
0.179,4,20,5,0,55,70,70,54,181,235,41.67,563,503,60
0.179,4,25,5,0,80,70,70,72,40,112,55.9,558,510,80
0.339,15,150,40,0,160,85,85,176,256,432,126.14,1210,1100,160
0.339,15,150,40,0,190,85,85,176,244,420,136.14,1492,1356,190
0.35,15,75,25,250,70,80,80,185,85,270,53.11,1265,1150,60
0.35,15,75,25,250,70,80,80,185,85,270,50.81,1430,1300,78
0.427,17,125,15,0,100,70,70,190,130,320,49.74,1200,1080,70
0.427,15,50,10,100,100,70,70,399,147,546,47.87,1240,1040,65
0.714,20,250,50,2500,160,85,85,251,110,361,149.8,1760,1600,160
0.714,20,250,50,2500,190,90,90,351,110,461,140.8,2464,2240,190
0.7,20,80,45,0,55,80,80,225,55,280,46.7,1156,1060,60
0.7,20,80,42,0,55,78,80,240,55,295,41.25,1716,1560,70
0.993,40,250,50,0,82,65,65,339,140,479,51.86,3090,2790,70
1.071,30,250,50,0,74,65,65,980,340,1320,46.3,2346,2046,89
1.036,30,360,240,2200,160,85,85,684,100,784,142.68,2200,2000,160
1.036,30,360,240,2200,190,85,85,510,100,610,142.68,4400,4000,190
0.525,14,50,25,500,80,78,80,225,115,340,52.86,1100,1000,70
0.525,14,50,25,500,80,76,76,225,115,340,53.33,1617,1470,78
0.25,5,10,5,0,60,70,70,40,47,87,67.5,400,320,65
0.175,5,50,0,0,80,70,70,130,88,218,54.62,486,392,80
0.923,25,240,55,0,200,82,82,460,294,754,131.96,2316,2106,160
0.923,25,265,55,0,200,85,90,460,310,770,131.96,2922,2656,190
0.556,14,150,50,0,60,80,80,228,64,292,52.61,825,750,56
0.556,14,150,50,0,60,80,80,183,64,247,61.58,1288,1175,80
0.546,10,150,50,1025,72,70,70,240,131,371,59.58,1060,860,62
0.536,15,60,10,300,100,70,70,266,108,374,48.31,900,840,65
0.566,17,100,33,0,160,85,85,330,232,562,123.33,1027,934,160
0.566,17,110,33,0,190,85,85,330,232,562,130.3,2154,1958,190
1.05,20,100,50,0,90,75,75,534,80,614,51,2387,2170,60
0.7,15,80,40,0,90,80,80,376,80,456,50.53,2046,1860,70
0.841,32,100,15,0,80,65,65,490,324,814,59.39,1540,1400,66
0.753,17,150,50,0,80,65,65,410,304,714,47.2,2086,1900,85
0.357,14,125,25,1100,100,88,88,160,172,332,151.25,1008,928,160
0.357,14,125,25,0,100,85,85,160,196,356,141.25,1146,1056,190
0.23,13,40,15,900,40,80,80,186,138,324,59.68,1200,1080,50
0.171,10,30,10,0,60,80,80,160,64,224,55,930,837,60
0.314,15,60,40,0,80,70,70,50,281,331,59,1232,1120,50
0.286,9,50,20,0,100,70,70,108,107,215,54.63,348,337,100
0.25,8,80,80,0,140,90,90,266,127,393,137.41,1050,945,140
0.221,8,50,50,0,160,90,90,222,144,366,144.82,900,810,160
0.42,15,125,75,500,40,80,80,142,160,302,55,975,885,55
0.07,7,30,10,0,60,80,80,32,52,84,55.63,250,230,60
0.43,12,75,125,250,80,70,70,152,69,221,45.39,800,763,64
0.3,10,50,20,0,100,70,70,154,126,280,56.82,520,520,90
0.857,20,150,50,0,140,85,85,825,855,1680,127.82,2150,2020,140
0.286,8,50,20,0,150,100,100,132,173,305,132.12,700,700,150
0.112,5,15,10,0,40,72.5,72.5,1,90,90,56.67,450,435,50
0.07,4,10,2,0,105,72.5,72.5,1,69,69,45.5,130,130,60
0.143,4,20,5,0,70,70,70,6,110,116,56.67,500,500,56
0.086,4,1,2,0,80,70,70,1,105,105,48.5,185,180,70
0.071,4,25,15,0,140,80,80,91,52,143,117.69,360,330,140
0.036,2,8,7,0,150,90,90,39,29,68,135.38,200,180,150
0.455,20,150,50,500,40,80,80,200,359,559,54.5,1370,1233,60
0.07,3,15,10,0,60,80,80,1,61,61,45.5,250,225,60
0.464,20,150,50,0,70,65,65,480,212,692,57.61,1496,1356,56
0.14,5,25,15,0,100,70,70,63,84,147,51.59,250,250,80
0.457,27,200,150,1000,140,80,80,376,374,750,126.33,2000,1800,140
0.314,22,120,60,0,150,90,90,285,230,515,133.86,1638,1475,150
0.143,6,18,18,0,45,75,76,65,110,175,52.31,310,279,50
0.036,3,5,5,0,50,80,80,45,19,64,43.33,100,100,65
0.143,6,35,35,0,80,70,70,28,35,63,52.86,420,380,56
0.085,2,6,4,0,100,70,70,59,31,90,45.76,130,130,80
0.071,2,17,8,0,140,90,90,40,89,129,128,300,270,140
0.036,2,10,5,0,160,100,100,28,12,40,131.43,98,98,160
0.214,7,40,40,360,40,80,80,284,104,388,41.61,700,630,55
0.214,7,40,40,0,60,80,80,184,109,293,54.08,600,550,68
0.143,6,30,20,0,50,70,70,24,67,91,63.33,320,300,65
0.143,5,32,10,0,75,70,70,42,76,118,59.52,280,265,80
0.214,7,70,70,0,100,90,90,86,153,239,122.79,500,400,140
0.214,7,60,60,0,150,90,95,38,120,158,135.79,350,350,150
0.196,10,15,10,0,40,85,85,1,217,217,57.14,616,554,50
0.14,5,15,15,0,60,70,70,1,126,126,45.5,230,230,60
0.143,6,15,15,0,65,75,75,1,98,98,66.28,224,224,65
0.126,5,19,19,0,80,75,75,1,104,104,48.5,225,225,80
0.143,5,25,10,0,140,100,100,1,141,141,129.35,550,550,140
0.143,5,25,10,0,140,100,100,1,141,141,120.5,550,550,160
0.429,30,90,60,360,40,80,80,366,78,444,35.16,1333,1200,55
0.143,10,30,20,0,60,80,80,146,42,188,35.62,440,400,60
0.28,20,70,40,0,70,70,70,111,88,199,60.18,800,720,56
0.213,10,40,20,0,80,72,72,159,31,190,47.17,380,341,80
0.4,12,150,50,0,150,90,90,322,63,385,137.58,1667,1500,140
0.25,8,100,30,0,160,100,100,207,50,257,139.13,1300,1100,160
0.49,25,200,100,500,42,70,70,123,246,369,55.2,1500,1350,50
0.34,10,60,20,0,60,80,80,27,152,179,59.26,685,625,64
0.5,15,75,75,0,65,70,70,305,331,636,65.14,1300,1180,65
0.143,10,23,36,0,80,70,70,93,56,149,60.75,250,210,80
1.114,33,260,75,0,150,90,90,425,663,1088,120.66,2789,2592,140
0.557,15,130,40,0,200,100,100,253,308,561,128.46,2395,1980,160
0.086,8,50,25,0,40,80,80,68,62,130,31.43,378,341,50
0.043,3,13,12,0,60,80,80,15,71,86,53.33,207,186,60
0.229,26,70,40,0,85,70,70,66,356,422,67.27,870,783,70
0.057,4,20,17,0,74.5,70,70,26,104,130,56.15,158,158,85
0.486,20,200,60,0,140,90,90,676,308,984,129.82,1580,1450,140
0.057,3,20,5,0,150,100,100,26,68,94,129.23,200,200,150
0.206,10,70,30,0,40,72.5,72.5,126,127,253,51.72,700,600,50
0.091,5,30,30,0,60,75,75,57,73,130,49.12,310,295,60
0.414,10,60,40,0,80,70,70,210,216,426,67.62,1000,900,60
0.128,5,26,12,0,80,70,75,68,98,166,57.35,270,270,80
0.143,5,40,20,0,150,95,100,75,107,182,130.67,284,284,140
0.093,4,35,10,0,160,100,100,34,40,74,132.06,238,218,160
0.143,5,30,20,0,40,80,80,95,78,173,37.11,500,470,50
0.043,3,15,10,0,50,80,80,1,60,60,45.5,150,150,60
0.07,2,25,5,0,80,70,70,1,76,76,66.28,250,250,56
0.036,1,5,2,0,65,70,70,1,70,70,48.5,95,95,80
0.143,5,30,15,0,200,100,100,16,138,154,150,434,434,140
0.071,2,15,5,0,200,100,100,1,75,75,135.5,200,200,150
0.143,6,30,20,0,40,80,80,45,99,144,54.47,450,405,55
0.071,3,15,10,0,60,80,80,29,64,93,55.17,250,225,65
0.213,7,46,29,250,70,75,75,38,103,141,51.32,580,545,56
0.071,3,15,8,0,100,75,75,16,46,62,47.5,210,200,85
0.357,20,100,25,500,150,90,90,122,240,362,123.11,1444,1300,140
0.143,6,30,10,0,100,100,100,76,117,193,136.32,533,480,160
0.143,6,25,15,0,50,80,80,32,128,160,41.18,372,372,50
0.071,3,12,8,0,60,80,80,16,64,80,56.25,186,186,60
0.143,3,20,10,0,97,70,70,1,103,103,66.28,372,372,65
0.071,3,15,5,0,80,75,75,24,34,58,52.5,110,110,85
0.185,5,70,30,0,130,100,100,35,317,352,120,810,720,130
0.114,2,30,20,0,150,100,110,21,163,184,124.29,600,600,150
0.133,10,50,50,0,45,78,80,50,125,175,53.46,875,785,60
0.156,6,25,25,0,60,75,75,50,117,167,52,270,270,60
0.179,5,30,30,50,50,70,70,45,133,178,62.22,570,570,60
0.107,4,20,5,50,75,70,70,31,126,157,45.81,275,265,80
0.2,6,60,30,0,140,100,100,80,165,245,140,1100,900,140
0.114,4,25,25,0,140,100,100,4,244,248,152.5,500,500,160
0.56,15,75,35,0,40,80,80,216,85,301,41.74,1388,1250,50
0.406,8,60,20,0,60,82,82,109,29,138,38.53,930,837,60
0.286,10,75,50,0,81,70,70,75,142,217,53.33,1457,1333,73
0.286,10,60,40,0,100,70,70,81,97,178,53.09,440,390,80
0.286,20,100,50,0,150,100,100,179,184,363,123.46,1110,1000,140
0.164,10,70,30,0,160,100,100,87,139,226,124.14,780,700,160
0.214,16,70,30,180,40,80,80,56,85,141,50,930,837,60
0.143,6,40,20,0,60,80,80,14,52,66,38.57,620,558,60
0.22,10,25,75,0,80,70,70,63,98,161,65.71,850,790,56
0.171,7,30,20,0,73,70,70,38,61,99,42.11,248,236,81
0.371,15,100,25,0,140,90,90,337,109,446,130.71,1500,1350,140
0.193,8,50,25,0,160,90,90,137,110,247,145.62,840,756,160
0.7,25,100,50,0,40,75,75,498,175,673,60,2500,2250,60
0.5,20,75,25,0,60,75,75,210,156,366,52.38,1800,1620,65
0.714,20,150,75,0,80,70,70,296,58,354,58.92,2000,1800,66
0.6,20,200,20,0,100,70,70,579,64,643,45.03,1100,1000,96
0.429,15,80,20,0,140,95,95,252,212,464,139.44,1950,1600,140
0.429,15,60,20,0,160,100,100,252,162,414,139.44,1100,1000,160
0.071,2,15,7,0,40,80,80,5,102,107,38.57,250,250,50
0.071,2,15,7,0,60,80,80,5,102,107,56,180,180,65
0.14,10,25,50,0,100,70,70,39,89,128,58.97,450,450,66
0.07,2,20,10,0,85,75,75,29,81,110,57.76,150,150,85
0.214,10,60,20,0,300,100,100,90,232,322,123.33,1200,1000,150
0.071,3,20,5,0,300,100,100,24,128,152,125.5,300,270,160
1.12,33,270,170,0,40,80,80,660,221,881,66.31,4300,3870,65
0.322,6,70,30,0,60,80,80,330,114,444,52.09,1660,1494,60
0.428,10,75,75,0,70,70,70,112,44,156,63.21,1300,1202,66
0.3,15,75,15,0,100,70,70,175,54,229,54.29,700,630,85
0.429,25,65,65,0,150,90,95,433,138,571,122.17,1483,1335,140
0.214,12,30,30,0,150,100,100,238,122,360,126.05,780,700,160
0.164,6,8,7,0,40,80,80,34,85,119,44.44,700,630,55
0.086,3,4,3,0,60,80,80,1,95,95,45.5,350,350,60
0.157,15,50,50,0,70,70,70,183,116,299,63.77,840,800,56
0.1,9,10,8,0,85,70,70,65,65,130,43.08,160,149,85
0.393,12,85,25,0,150,90,95,200,287,487,129,928,928,140
0.106,3,20,15,0,200,100,100,16,195,211,150,330,300,160
0.143,6,35,25,150,40,80,80,64,82,146,50,434,391,52
0.057,3,13,12,0,60,80,80,37,42,79,59.46,200,180,60
0.214,6,35,25,0,80,70,70,54,137,191,66.41,550,505,56
0.1,5,15,4,0,83,70,70,31,99,130,59.35,230,210,85
0.314,15,70,30,0,120,90,90,112,291,403,123.75,1530,1280,140
0.121,4,30,15,0,150,90,90,26,175,201,139.23,400,400,160
0.56,14,100,75,500,40,78,80,1,677,677,46.67,2600,2160,55
0.455,20,50,20,0,60,78,78,1,177,177,45.5,1160,1044,60
0.571,16,100,0,0,80,65,65,115,484,599,69.13,1650,1420,56
0.465,13,62,18,0,80,70,75,69,212,281,45.65,574,549,90
0.321,10,70,25,0,200,80,80,36,400,436,120.67,1300,1150,140
0.036,2,6,5,0,200,100,100,1,62,62,120.5,100,100,150
0.286,7,95,30,0,40,80,80,75,435,510,61.04,1200,1200,50
0.143,4,35,20,0,60,80,80,12,184,196,50,630,600,60
0.357,30,100,50,125,80,68,68,70,312,382,62.86,1010,910,56
0.143,7,30,20,0,100,70,70,105,152,257,51.43,490,405,80
0.121,4,35,25,0,150,100,100,48,140,188,128.33,512,472,140
0.079,3,25,10,0,175,100,100,28,94,122,128.57,300,300,160
0.357,10,50,30,0,40,80,80,47,130,177,53.06,992,893,55
0.1,3,15,10,0,60,80,80,28,39,67,38.57,186,167,60
0.286,10,30,20,0,81,75,75,127,195,322,70.87,868,812,56
0.1,3,8,4,0,74,72,72,19,68,87,46.84,162,156,80
0.321,10,65,30,0,140,90,90,46,424,470,122.35,1000,1000,140
0.193,5,40,20,0,160,90,90,10,159,169,126,550,550,160
0.279,6,48,39,0,40,80,80,58,133,191,59.31,596,546,55
0.107,3,10,5,0,60,80,80,32,129,161,56.25,210,210,65
0.071,3,5,6,0,80,75,75,1,134,134,66.28,195,195,58
0.071,3,4,4,0,80,70,70,46,43,89,49.13,132,120,81
0.143,5,40,10,0,140,80,100,74,189,263,124.11,600,500,140
0.071,3,20,5,0,150,100,100,22,67,89,145.45,240,200,150
0.21,9,70,50,250,40,78,80,75,130,205,54,640,550,50
0.212,4,45,18,0,60,70,70,72,167,239,50,446,422,64
0.214,15,50,20,0,80,70,70,86,202,288,62.33,860,749,56
0.143,3,70,20,0,80,70,75,35,121,156,51.43,279,252,80
0.114,4,40,19,0,150,80,100,126,188,314,125.08,455,410,140
0.071,3,27,13,0,150,85,85,33,118,151,127.27,250,250,150
0.357,12,50,20,360,40,70,70,250,196,446,46.05,2170,1953,55
0.143,4,25,25,0,63,80,80,76,92,168,30.26,430,387,60
0.286,10,100,50,0,80,70,70,119,146,265,69.75,1050,960,56
0.1,2,30,30,0,80,70,70,81,53,134,49.51,186,168,80
0.287,10,60,25,0,140,90,90,60,228,288,126.67,1000,900,140
0.129,5,25,15,0,160,90,90,16,144,160,132.5,320,288,160
0.286,6,50,50,250,40,80,80,175,93,268,32.77,1000,900,50
0.143,3,25,25,0,60,80,80,64,90,154,38.13,400,360,60
0.142,5,25,25,0,80,70,70,14,112,126,70.57,500,465,56
0.214,7,32,28,0,80,70,70,45,150,195,40,310,310,80
0.171,6,40,20,0,140,90,90,16,292,308,120,500,500,140
0.15,5,30,20,0,140,90,90,1,183,183,120.5,350,350,150
0.084,6,20,10,0,40,80,80,1,110,110,46.67,300,270,50
0.014,2,5,3,0,60,80,80,1,28,28,45.5,262,236,60
0.1,7,20,10,0,80,70,70,14,89,103,62.86,320,320,56
0.071,4,7,7,0,80,75,75,1,76,76,48.5,100,100,80
0.214,8,60,40,0,140,100,100,30,174,204,121.67,700,700,140
0.074,5,40,10,0,160,100,100,1,111,111,120.5,150,150,160
0.098,5,20,10,0,40,80,80,27,115,142,31.03,325,319,50
0.056,3,15,10,0,60,75,75,1,57,57,45.5,240,220,60
0.1,5,15,10,0,80,70,70,1,220,220,66.28,510,510,58
0.04,3,12,8,0,100,70,70,14,112,126,42.86,120,120,80
0.164,7,50,50,0,140,80,80,43,458,501,126.63,730,730,140
0.086,3,15,10,0,150,100,100,32,243,275,120,364,364,150
0.143,5,50,15,0,40,80,80,10,204,214,56.67,600,540,55
0.043,1,5,5,0,60,80,80,1,84,84,45.5,200,200,60
0.229,4,40,40,0,81,80,80,60,161,221,70.17,744,744,65
0.043,3,15,9,0,80,70,70,1,82,82,48.5,124,124,81
0.277,15,125,75,0,140,95,96,270,450,720,127.41,1025,945,140
0.186,10,75,25,0,150,100,100,106,196,302,130.19,784,720,150
0.571,20,75,25,0,40,80,80,135,270,405,44.85,1240,1116,50
0.071,5,15,10,0,60,80,80,1,118,118,45.5,164,164,60
0.571,13,125,75,0,76.92,70,70,145,520,665,65.52,1240,1119,65
0.355,15,31,24,0,80,75,75,156,161,317,51.28,420,420,80
0.464,15,100,45,0,140,90,90,210,220,430,151.43,1800,1620,140
0.321,10,75,30,0,160,90,90,10,260,270,120,1600,1300,160
0.346,10,40,15,425,60,80,80,50,137,187,54.62,600,550,60
0.186,5,20,5,425,60,70,70,10,189,199,30,327,300,60
0.345,11,35,35,1500,70,70,70,42,268,310,62.34,725,652,70
0.185,5,47,5,225,80,80,80,66,152,218,69.7,315,275,80
0.572,20,195,100,1500,120,90,90,111,682,793,147.39,2224,2006,90
0.606,22,127,80,2400,150,90,90,122,692,814,127.79,2520,2300,135
0.242,6,25,20,900,70,80,80,166,100,266,61.43,550,450,70
0.107,4,19,19,675,70,80,80,120,94,214,39.17,495,450,70
0.178,20,50,50,1000,70,70,70,90,174,264,68.44,605,550,70
0.142,5,90,25,200,125,80,80,94,172,266,53.19,400,350,80
1.053,45,235,115,1200,120,95,95,317,385,702,151.58,2640,2400,100
1.053,45,235,115,1200,150,90,90,490,385,875,131.58,3970,3400,135
0.4,10,75,50,900,74,75,75,180,48,228,53.04,1308,1200,65
0.157,5,30,5,0,75,80,80,72,42,114,59.44,600,550,64
0.385,12,170,50,600,70,70,70,168,80,248,66.79,1230,1100,70
0.085,3,38,3,200,175,80,80,42,70,112,64.29,220,200,75
1.224,36,240,175,10000,100,95,95,331,91,422,134.74,5874,5340,120
0.265,8,100,65,0,100,95,95,90,127,217,135,1492,1200,125
0.121,2,10,10,150,75,80,80,12,124,136,51.43,250,250,70
0.05,8,10,10,0,70,80,80,12,124,136,50,225,225,70
0.5,2,20,20,1000,75,70,70,12,42,54,60,200,180,70
0.08,2,12,3,350,150,70,70,6,66,72,48.33,120,100,80
0.092,3,14,14,500,120,100,100,5,99,104,150,378,360,90
0.092,3,14,14,500,120,95,100,5,96,101,120,234,234,120
0.4,18,105,36,0,70,75,75,290,119,409,55.55,2420,2200,70
0.35,14,94,0,0,70,74,74,190,119,309,41.58,2145,1950,70
0.348,15,80,50,300,60,70,70,95,197,292,50,1540,1400,70
0.85,9,52,40,0,150,70,70,238,290,528,50.76,2380,2150,80
0.286,10,79,50,0,120,90,90,209,175,384,159.95,1947,1758,100
0.4,13,112,86,0,125,90,90,205,234,439,120.24,2456,2230,145
0.211,8,50,50,270,70,80,80,24,142,166,66.15,900,820,70
0.211,8,50,50,270,70,80,80,60,142,202,41.67,500,500,70
0.28,10,40,40,400,65,75,75,25,105,130,48,1080,972,65
0.242,7,54,12,150,125,72,72,126,161,287,50,835,750,70
0.175,8,63,38,0,120,95,100,51,196,247,134.9,564,520,90
0.21,9,65,40,0,150,100,100,31,205,236,123.48,1240,1020,135
0.164,5,16,8,300,80,76,80,308,252,560,59.03,600,550,80
0.164,5,16,8,300,80,80,80,1,140,140,52.5,240,210,60
0.203,8,25,10,250,70,75,75,50,106,156,52,810,800,70
0.185,11,21,9,0,150,70,70,206,235,441,45.63,440,400,80
0.349,16,85,30,800,120,90,100,105,120,225,152.86,1175,1068,90
0.349,16,85,15,800,150,90,100,105,120,225,162.86,1107,1006,135
0.286,8,50,0,0,50,80,80,310,71,381,57.35,763,700,50
0.186,8,50,0,0,50,80,80,40,166,206,60.65,654,600,60
0.214,7,40,0,450,70,70,70,60,60,120,62.5,280,200,70
0.19,6,38,0,250,150,72,72,102,125,227,54.9,660,600,90
0.129,5,41,9,0,200,100,100,90,98,188,134.44,428,380,100
0.129,5,41,9,0,250,100,100,80,84,164,128.75,594,540,125
0.157,3,15,10,500,80,80,80,160,77,237,51.43,464,400,80
0.157,3,15,10,300,80,80,80,20,77,97,60,364,300,80
0.157,5,15,10,500,80,72.5,72.5,18,272,290,62.33,530,450,80
0.157,50,25,15,0,175,75,80,39,131,170,57.69,737,670,80
0.186,7,70,42,750,133,100,100,60,107,167,155,654,600,101
0.186,7,70,42,750,160,100,100,60,98,158,165,598,552,145.83
0.214,5,25,1,100,80,80,80,30,236,266,67.5,640,600,80
0.214,5,25,1,100,80,78,78,36,260,296,57.78,540,500,80
0.114,4,10,2,120,70,70,70,36,109,145,64.44,228,210,75
0.114,2,10,5,125,150,70,70,84,104,188,48.81,210,210,70
0.3,12,65,85,700,180,90,90,172,318,490,155.99,1194,1086,100
0.3,12,70,80,0,180,90,90,172,318,490,165.99,1560,1300,130
0.2,6,15,0,0,90,80,80,90,61,151,45.65,709,650,90
0.157,5,10,0,0,90,80,80,75,66,141,48,545,500,90
0.193,7,15,5,0,70,70,70,141,75,216,60.68,250,225,70
0.194,13,7,0,0,138,70,70,160,131,291,46.88,320,300,80
0.192,9,28,57,0,120,93,90,75,141,216,145.33,1106,1031,90
0.192,9,28,57,0,135,93,90,39,141,180,142.05,1106,1031,135
0.423,15,100,30,400,70,80,80,432,173,605,66.2,1090,1000,70
0.137,6,35,15,175,70,80,80,76,88,164,57.89,545,500,70
0.414,15,100,40,1000,70,70,70,66,97,163,53.03,500,500,70
0.128,4,40,0,0,80,75,75,135,76,211,48.15,320,270,75
0.272,12,170,35,1000,120,90,90,180,88,268,125.56,2168,1958,100
0.272,12,180,25,1000,150,90,90,158,149,307,125.63,2347,2120,135
0.143,6,60,40,300,80,80,80,40,165,205,52.38,763,700,70
0.143,6,60,40,300,80,80,80,115,183,298,59.57,763,700,70
0.16,10,25,25,850,80,75,75,1,316,316,52.64,440,410,70
0.099,5,25,10,0,175,70,72,123,130,253,53.17,385,350,90
0.242,7,50,28,750,200,90,90,15,261,276,140,640,600,90
0.215,7,50,28,750,200,90,90,20,253,273,130,1325,1125,125
0.078,2,8,0,120,80,80,80,1,77,77,58.33,200,200,80
0.028,2,8,0,60,80,80,80,1,77,77,52.5,100,100,80
0.028,2,6,0,250,52.5,70,70,1,70,70,62.24,100,100,70
0.028,1,10,0,0,150,75,75,5,26,31,50,100,100,75
0.129,7,75,15,600,150,80,82,15,112,127,136.67,476,433,100
0.129,7,75,15,0,150,95,95,15,151,166,136.67,802,756,120
0.357,16,40,40,0,60,80,80,215,266,481,42.63,1090,1000,70
0.142,3,1,0,0,60,75,75,8,183,191,55,436,400,60
0.511,30,100,50,700,70,70,70,130,264,394,78.13,1200,1080,70
0.185,10,17,3,1400,125,70,70,24,130,154,56.67,460,400,75
0.372,20,62,62,310,250,90,90,132,102,234,139.39,1836,1688,100
0.844,37,140,140,500,149,90,90,558,378,936,114.12,2992,2700,135
0.1,3,20,8,150,80,80,80,10,70,80,61.88,273,250,80
0.057,2,20,5,0,80,80,80,10,59,69,56,273,250,85
0.093,4,30,9,0,75,75,75,24,45,69,66.67,380,340,75
0.092,6,32,6,450,80,72,72,20,84,104,55,150,150,80
0.107,5,31,21,800,120,90,90,36,93,129,147.22,603,563,90
0.213,10,71,41,1600,120,90,90,53,177,230,139.81,1257,1150,135
0.084,4,20,8,150,61.25,80,80,12,114,126,52.5,350,350,70
0.055,2,10,5,150,70,80,80,6,114,120,58.33,250,250,70
0.124,5,15,20,600,75,75,75,54,52,106,68.52,430,400,70
0.121,2,25,12,100,125,70,70,12,76,88,56.67,360,320,80
0.222,10,74,35,450,122,90,90,28,314,342,131.43,1276,1250,90
0.222,10,61,31,0,135,95,95,12,221,233,120,1350,1230,120
0.071,3,15,10,150,80,80,80,42,27,69,55.45,273,250,75
0.071,3,15,10,150,80,80,80,60,27,87,50,273,250,75
0.143,6,50,50,600,75,70,70,98,33,131,70.61,436,400,75
0.057,3,25,5,200,125,70,72,58,46,104,48.28,310,280,80
0.358,14,100,150,750,120,100,100,250,33,283,130,1834,1667,100
0.358,14,100,150,750,135,100,100,250,18,268,129,1834,1667,135
0.185,10,80,50,800,65,80,80,30,132,162,60,610,600,65
0.114,6,80,30,700,65,75,80,80,101,181,47.5,500,500,65
0.214,12,50,25,670,75,70,70,30,83,113,68.23,850,765,75
0.085,3,16,4,150,150,70,75,16,187,203,56.25,210,184,80
0.212,9,109,40,500,150,95,95,108,135,243,141.67,792,720,90
0.212,9,100,40,500,200,90,90,128,114,242,141.41,766,696,125
0.178,8,30,15,450,70,80,80,102,90,192,57.69,440,412,70
0.093,2,5,10,150,65,80,80,44,76,120,54.55,220,200,70
0.187,12,30,15,850,75,75,75,72,71,143,50,350,315,75
0.074,2,13,8,150,150,70,70,40,48,88,40,220,200,75
0.194,8,47,70,750,120,90,90,101,156,257,154.95,1118,1000,90
0.315,13,114,67,300,150,90,90,146,239,385,163.01,1431,1329,135
0.7,20,100,50,400,70,78,78,329,280,609,60.86,2180,2000,70
0.143,5,20,10,300,75,80,80,47,55,102,42.55,545,500,60
0.7,20,100,50,600,70,70,70,176,64,240,63.75,995,850,70
0.171,5,37,10,900,80,75,75,58,115,173,44.83,520,470,80
0.521,13,105,60,2300,350,90,90,131,181,312,133.13,1518,1380,90
0.057,2,15,10,300,350,95,95,8,50,58,140,220,200,125
0.591,23,150,50,680,56,80,80,368,166,534,57.35,2344,2150,65
0.204,10,100,15,0,60,80,80,151,80,231,51.66,1199,1100,60
0.596,20,200,50,2100,70,70,70,258,55,313,77.6,1045,900,70
0.317,12,100,75,300,150,70,70,310,88,398,47.74,1205,1055,75
0.472,16,222,98,1625,120,90,90,292,220,512,135.38,2750,2475,100
0.435,22,297,123,2375,150,90,90,398,244,642,124.77,3441,3097,145
0.054,3,15,5,0,65,80,80,40,34,74,43.33,220,200,70
0.054,3,15,5,0,70,80,80,40,34,74,45,220,200,75
0.06,4,16,2,0,80,70,70,35,41,76,62.86,220,220,70
0.06,4,18,2,0,75,70,72,55,106,161,45,160,160,70
0.029,2,15,5,0,150,95,100,1,49,49,142.23,100,100,120
0.069,2,15,5,0,150,95,100,1,59,59,135.5,180,180,135
0.357,16,60,20,0,65,78,78,320,44,364,38.2,1210,1100,70
0.357,16,60,20,0,70,78,78,325,49,374,42.85,1100,1000,75
0.47,14,115,35,0,80,72,72,105,295,400,66.33,1392,1252,70
0.47,25,75,25,0,100,70,70,255,355,610,51.76,1100,1000,80
0.339,14,76,33,0,122,90,90,40,353,393,150,1438,1380,120
0.339,7,76,33,0,247,90,90,90,318,408,150,1210,1100,135
1.628,70,250,50,1000,80,75,75,1540,410,1950,68.02,3600,3200,70
1.057,40,250,50,1000,80,70,70,1045,295,1340,61.48,2750,2480,80
1.4,47,275,125,0,60,70,70,700,320,1020,64.23,4000,3600,75
1,40,250,70,0,100,70,70,670,450,1120,50.9,2100,1900,80
0.98,38,190,110,3000,120,90,90,1235,129,1364,160,4180,3800,120
0.55,22,106,64,1500,135,90,90,395,60,455,146.84,1760,1600,135
0.107,4,15,5,0,100,80,80,50,65,115,59.62,350,310,70
0.107,4,15,5,0,100,80,80,55,84,139,56.36,330,300,90
0.104,5,20,5,0,80,75,75,15,30,45,58.33,335,300,70
0.104,5,10,5,0,150,75,75,83,94,177,47.59,275,250,80
0.104,8,50,20,500,150,95,100,40,70,110,150,330,300,120
0.175,8,50,10,500,157.5,90,95,40,70,110,160,300,270,135
0.135,8,20,10,0,60,76,80,145,35,180,39.58,495,450,65
0.135,8,20,10,0,65,80,80,75,33,108,56.33,440,400,70
0.2,9,9,9,0,80,70,70,55,42,97,57.27,310,300,80
0.2,4,13,5,0,85,70,75,115,23,138,55.65,390,354,80
0.143,14,30,10,0,146,90,90,180,36,216,142.78,550,500,120
0.143,14,30,10,0,165,80,90,180,36,216,142.78,375,340,150
0.286,5,25,25,0,65,80,80,170,34,204,37.21,550,500,70
0.286,5,25,25,0,70,80,80,205,34,239,45.37,495,450,75
0.286,8,1,0,0,70,70,70,125,60,185,54,520,500,70
0.14,8,1,0,0,100,70,70,135,124,259,52.59,350,300,80
0.143,5,30,10,0,150,90,100,70,62,132,152.86,605,550,120
0.143,5,30,10,0,150,90,95,55,71,126,131.82,550,500,135
0.184,10,40,20,0,60,80,80,40,71,111,40.95,440,400,65
0.184,10,40,10,0,65,80,80,40,71,111,38.5,240,200,70
0.143,10,50,20,0,70,70,70,20,81,101,62.5,310,300,80
0.214,10,50,30,0,100,70,75,190,105,295,64.74,550,500,75
0.667,32,300,100,0,120,95,95,580,126,706,148.1,2365,2150,120
0.667,32,300,100,0,135,95,95,880,126,906,138.1,2420,2680,145
0.2,10,10,10,0,80,80,80,100,115,215,49.02,275,250,70
0.2,10,15,10,0,80,80,80,100,120,220,50,300,280,80
0.186,5,15,15,250,60,75,75,20,101,121,65,350,350,80
0.2,15,10,10,0,100,75,75,40,145,185,55,320,300,80
0.243,12,39,26,0,150,90,95,200,187,387,147.25,740,700,120
0.243,12,39,26,0,150,100,100,205,212,417,148.05,830,800,150
0.957,40,100,50,0,80,76,76,610,1234,1844,52.94,2200,1980,65
0.742,80,100,50,0,45,75,75,375,984,1359,50,1740,1566,75
1.215,56,140,60,0,70,70,70,448,230,678,58.57,4540,4500,75
0.714,30,75,75,0,75,70,70,260,405,665,58.46,1300,1150,70
0.215,8,35,15,0,150,95,100,140,75,215,142.5,550,500,120
0.429,20,75,35,0,150,90,95,248,150,398,134.8,935,850,135
0.235,15,50,50,0,90,80,80,300,185,485,53.97,610,550,70
0.235,15,50,50,0,100,80,80,300,170,470,55,550,500,85
0.313,20,50,25,0,60,70,70,130,101,231,60.38,640,640,60
0.315,10,50,25,125,90,70,70,160,110,270,58,680,630,80
0.358,24,112,38,0,150,95,100,165,433,598,158.48,1116,1054,120
0.644,41,202,68,0,170,90,95,325,694,1019,139.54,2575,2330,135
0.303,15,1,0,0,60,75,80,290,515,805,51.71,1000,900,60
0.303,15,1,0,0,60,80,80,215,550,765,50.93,800,720,60
0.507,15,8,0,0,75,75,75,150,42,192,62,720,720,80
0.607,20,3,2,0,100,70,70,425,280,705,44.71,975,900,80
0.725,41,145,67,0,100,95,95,520,190,710,142.31,2112,1920,120
0.574,41,104,53,0,140,100,100,410,155,565,142.68,1375,1250,135
0.143,5,1,0,0,65,75,80,40,124,164,40.48,440,400,65
0.143,5,1,0,0,65,80,80,40,139,179,42.5,330,330,70
0.142,6,1,0,0,80,70,70,1,98,98,62.43,240,240,80
0.141,10,1,0,0,100,75,70,1,136,136,55.25,150,150,80
0.215,16,50,20,0,120,90,120,60,233,293,148,952,900,120
0.215,16,50,20,0,120,90,120,60,303,363,140,756,700,135
0.286,10,40,20,0,60,80,80,80,120,200,38.71,1210,1100,65
0.286,10,40,20,0,65,75,75,80,120,200,42.5,1100,1000,70
0.286,20,75,25,0,80,75,75,135,25,160,63.04,690,675,75
0.586,16,50,20,0,100,70,70,270,155,425,47.78,1110,1010,80
0.357,16,40,20,0,123.75,95,95,370,91,461,137.84,1100,1000,120
0.357,16,40,20,0,123.75,95,95,370,91,461,137.84,880,800,135
0.071,6,20,20,0,100,80,80,30,44,74,62.5,350,300,70
0.071,6,20,20,0,100,75,75,10,90,100,48.5,425,385,70
0.071,4,18,18,160,80,72.5,72.5,1,60,60,62.25,280,280,60
0.077,3,5,3,0,150,70,70,10,62,72,60,150,150,80
0.072,3,15,10,0,150,90,100,70,75,145,124.29,222,200,120
0.072,3,15,10,0,175,90,100,60,75,135,140,195,175,135
0.571,16,150,50,0,65,75,75,620,70,690,44.43,2200,2000,70
0.143,4,40,10,0,70,80,80,30,44,74,56.67,550,500,75
0.366,25,150,50,900,80,80,80,75,174,249,53.33,980,880,60
0.366,115,100,50,0,100,73,73,250,225,475,50,900,870,90
0.343,14,120,40,0,140,95,95,245,95,340,143.67,1100,1000,120
0.343,14,120,40,0,140,90,90,245,105,350,153.67,990,900,135
0.214,6,60,30,0,60,80,80,125,20,145,50.47,990,900,70
0.214,8,60,30,0,70,80,80,150,20,170,48,880,800,70
0.271,8,60,30,0,80,70,70,90,260,350,57.78,930,850,60
0.271,10,60,40,0,100,75,75,175,163,338,51.43,1000,900,85
0.3,10,100,50,0,150,90,90,140,128,268,147.14,1485,1350,120
0.3,10,100,50,0,150,90,90,130,242,372,165.38,1500,1500,135
0.143,5,40,10,0,65,80,80,100,74,174,40.2,770,700,70
0.143,5,40,10,0,70,80,80,50,74,124,46,715,650,75
0.148,7,39,7,0,90,70,70,1,149,149,62.25,570,555,60
0.142,7,25,15,0,90,75,75,20,40,60,55,535,507,70
0.077,10,20,5,0,120,100,100,28,49,77,140.29,460,430,130
0.077,10,20,5,0,135,100,100,28,49,77,120.14,525,500,135
0.286,10,75,25,0,65,80,80,280,25,305,38.3,1320,1200,65
0.286,10,75,25,0,70,70,80,280,25,305,48.57,1320,1200,70
0.429,18,75,25,0,80,75,75,140,113,253,50,1580,1425,70
0.286,10,60,20,0,90,70,70,140,82,222,60.71,900,810,70
0.486,28,65,40,15000,123,100,100,190,229,419,143.68,2150,1925,130
0.486,28,115,60,0,150,95,95,140,276,416,141.43,2035,1900,145
0.429,16,100,50,0,65,80,80,200,50,250,52.47,1100,1000,65
0.429,16,100,50,0,70,80,80,230,50,280,43.48,990,900,70
0.286,15,75,25,0,90,75,75,20,165,185,67.5,950,950,60
0.25,10,75,25,250,90,70,70,70,76,146,55,1280,1200,80
0.179,9,50,25,8350,150,90,100,140,115,255,146.43,960,900,120
0.179,9,50,25,500,120,90,100,130,149,279,143.08,855,800,125
0.286,12,50,20,0,65,80,80,250,70,320,34.92,880,800,70
0.286,15,50,20,0,70,78,80,390,80,470,37.95,770,700,75
0.357,15,100,25,0,80,75,75,125,225,350,59,1340,1200,60
0.286,10,100,20,0,90,70,70,135,150,285,55.56,1105,1000,70
0.157,8,45,15,6600,150,90,90,40,139,179,135.25,1100,1000,120
0.157,8,60,20,0,150,90,90,25,151,176,160,990,900,135
0.571,20,120,30,0,80,75,75,654,30,684,45.34,2090,1900,60
0.571,20,120,30,0,70,70,75,654,30,684,35.43,2200,2000,70
0.658,20,225,75,0,90,76,76,240,96,336,58.32,2500,2180,70
0.5,25,250,50,0,100,70,72,605,150,755,48.06,2310,2100,80
0.472,30,135,40,20625,120,95,105,593,95,688,154.59,2585,2350,120
0.472,30,140,45,0,135,95,105,510,95,605,147.84,2750,2500,135
0.852,40,250,100,1200,100,75,75,1280,390,1670,56.17,4500,4000,70
0.852,45,250,150,100,100,75,75,1205,390,1595,58.92,4000,3600,70
1.025,50,300,50,1000,80,70,70,800,244,1044,60.4,4050,3645,70
1.025,40,300,100,0,75,70,70,1075,240,1315,53.26,2200,2000,80
1.092,40,375,125,44800,170,90,90,1010,90,1100,136.53,7150,6500,130
1.093,40,375,125,0,170,90,90,1210,90,1300,146.53,7150,6500,135
1.9,65,400,125,1200,80,75,75,2275,420,2695,55.77,9000,8100,80
1.9,64,350,100,1200,100,75,75,2185,340,2525,57.28,9000,8100,70
1.816,60,300,100,0,70,68,68,700,227,927,58.07,4400,4000,70
1.816,60,450,150,0,100,72,75,1100,295,1395,51.37,3500,3200,80
1.945,55,400,200,62600,120,90,95,1280,98,1378,157.15,11589,10500,120
1.945,55,400,200,0,135,90,90,1780,98,1878,147.15,11589,10500,145
0.286,15,75,25,0,60,80,80,150,65,215,32.89,1100,1000,60
0.286,15,75,25,0,65,80,80,140,60,200,34.29,1210,1100,65
0.341,14,110,55,0,82.29,73,73,210,268,478,58.33,1870,1700,60
0.341,15,100,50,0,100,70,70,150,195,345,60,770,700,80
0.486,33,150,50,9565,100,90,90,220,249,469,159.09,2640,2400,120
0.486,33,150,50,525,120,100,100,220,249,469,149.09,2120,1950,135
0.857,25,200,50,0,65,78,78,1015,130,1145,53.83,4400,4000,65
0.857,25,200,50,0,70,76,76,1165,130,1295,50.56,4950,4500,70
0.858,25,100,50,0,70,70,70,480,160,640,66.04,2200,2000,70
1.071,35,250,125,0,100,70,70,1330,370,1700,52.33,3800,3500,85
0.858,25,200,100,24000,120,90,90,1159,142,1301,141.67,4125,3750,120
0.858,25,200,100,0,135,90,90,1159,142,1301,175.35,4125,3750,100
0.071,3,25,10,0,80,80,80,25,50,75,40.74,330,300,65
0.071,3,25,10,0,80,80,80,25,50,75,44,330,300,70
0.071,3,16,4,0,70,75,75,30,38,68,58.33,250,230,60
0.071,2,20,10,0,65,75,75,1,51,51,55.25,100,100,85
0.182,10,35,20,0,150,90,100,90,86,176,162.22,960,900,120
0.325,18,60,40,0,120,90,100,140,205,345,155.71,1408,1280,135
0.5,15,150,50,0,80,80,80,300,33,333,36.49,1650,1500,80
0.5,15,150,50,0,80,78,78,175,33,208,51.43,1540,1400,85
0.571,25,250,50,2900,70,68,68,480,287,767,58.96,2860,2590,60
0.786,25,150,100,1200,85,70,70,675,263,938,50,2370,2170,80
0.801,24,500,200,3000,150,90,95,550,165,715,152.18,2420,2200,120
0.801,24,500,200,0,150,90,90,550,165,715,152.18,2200,2000,135
0.714,25,150,50,0,70,80,80,500,45,545,37.85,3300,3000,60
0.714,25,150,50,0,75,75,75,475,45,520,38.53,3410,3100,65
0.715,35,125,25,0,70,70,70,355,248,603,61.27,2403,2100,70
0.715,32,100,50,0,90,72,72,605,50,655,52.6,2200,2000,85
0.429,20,100,100,0,150,95,95,410,25,435,160,3000,2700,120
0.249,20,100,100,0,150,95,95,410,25,435,160,3000,2700,145
0.428,14,125,75,0,80,80,80,385,195,580,54.03,3250,2850,65
0.428,16,80,75,0,70,70,70,445,200,645,49.21,3000,2650,80
0.4,17,150,75,0,80,73,73,220,284,504,60.91,2700,2430,70
0.428,20,120,40,0,100,73,75,200,285,485,50,1350,1220,80
0.3,13,80,45,0,150,90,90,175,77,252,155.71,2090,1900,120
0.3,13,80,45,0,150,90,90,175,91,266,142,1870,1700,135
0.328,12,150,50,0,80,78,78,500,290,790,56.77,1312,1172,65
0.071,5,25,8,0,80,80,80,65,85,150,49.23,340,300,70
0.54,20,125,25,0,70,68,68,360,239,599,62.92,1888,1700,70
0.33,5,75,25,0,80,70,75,190,213,403,61.05,600,550,80
0.35,18,75,25,0,120,90,90,230,102,332,156.96,1565,1400,120
0.35,20,75,25,0,120,90,90,140,180,320,135.5,1280,1150,135
0.178,5,35,15,0,80,80,80,145,80,225,59.86,660,600,90
0.178,6,35,15,0,80,80,80,135,75,210,51.85,450,410,80
0.25,8,50,25,0,80,70,70,60,105,165,55,770,700,70
0.244,6,1,0,0,90,75,75,60,84,144,50,260,260,80
0.107,7,40,10,0,120,90,90,30,41,71,141.67,445,400,120
0.107,5,40,10,0,150,95,95,45,46,91,118.89,275,250,135
0.5,20,200,50,1000,80,75,78,335,85,420,57.15,2330,2100,65
0.25,20,100,50,500,80,80,80,190,55,245,54.21,1400,1250,75
0.714,23,150,35,1500,80,70,70,275,63,338,60,2283,1856,70
0.5,25,25,10,60,90,70,70,345,47,392,64.78,1210,1100,70
0.658,18,200,200,0,120,90,90,735,178,913,159.86,3305,3005,120
0.336,10,100,100,620,135,90,90,295,60,355,135.76,2843,2585,145
0.1,5,20,10,0,70,80,80,70,45,115,38.71,330,300,70
0.01,5,20,10,0,70,80,80,90,55,145,54.44,275,250,75
0.1,10,12,3,0,80,70,70,30,108,138,50,385,385,80
0.1,4,18,7,0,90,70,70,1,128,128,55.25,250,250,70
0.4,13,83,37,0,150,90,90,175,555,730,146.57,1295,1235,120
0.157,5,27,13,0,170,90,90,30,270,300,150,450,450,135
0.05,4,15,5,0,65,80,80,25,60,85,40.74,150,150,70
0.029,2,5,2,0,70,80,80,15,39,54,53.33,100,100,75
0.05,2,12,3,0,52.5,70,70,1,50,50,62.43,200,200,70
0.05,2,10,5,0,90,70,75,1,37,37,55.25,90,90,80
0.1,4,55,20,0,120,90,90,65,124,189,153.85,760,700,120
0.1,4,35,20,0,135,90,90,65,120,185,153.85,430,400,135
0.214,5,50,25,0,80,80,80,120,145,265,63.93,750,675,80
0.142,8,25,15,0,50,80,80,80,130,210,52.5,500,450,80
0.174,10,50,25,0,70,70,70,1,278,278,52.43,666,600,70
0.143,4,35,10,0,90,70,70,65,121,186,53.08,530,500,80
0.215,8,75,38,0,150,100,100,30,240,270,150,874,850,120
0.243,5,50,25,0,135,100,100,20,219,239,145,400,400,137
0.2,7,70,30,0,100,80,80,145,90,235,50.27,600,540,70
0.2,7,70,30,0,100,80,80,130,90,220,53.85,710,640,70
0.286,8,85,20,300,70,70,70,90,151,241,57.22,650,600,70
0.286,8,70,25,0,90,73,75,170,72,242,59.41,645,600,80
0.786,22,158,90,0,150,90,90,630,311,941,152.38,3760,3400,120
0.501,14,93,45,0,170,90,90,445,261,706,159.66,2750,2500,135
